label,size,avg_dynm_init_ns,avg_dynm_exec_ns,avg_symb_init_ns,avg_symb_exec_ns,cv_dynm_init,cv_dynm_exec,cv_symb_init,cv_symb_exec
concat,64,15197329,3394,6929629,407787,0.21230737073204367,0.08254529536894754,0.2158956426700711,0.3700269986243267
concat,128,12098096,6517,6561133,290530,0.06107799870266079,0.10828274872467585,0.15730354003245406,0.13909157305928854
concat,256,11480867,23736,5821371,385244,0.12432801570663146,0.10673560095386068,0.2355665185104365,0.3046765538262671
concat,512,12856504,102013,5818362,373524,0.19938468867201736,0.1301248421700464,0.13650691609558765,0.4320365849666262
concat,1024,11251289,624682,6962298,313944,0.14211374655390432,0.03522572842154507,0.3039832592484022,0.16453063392483536
concat,2048,11124175,3658209,4909217,276987,0.0071164175365203124,0.02410177043319185,0.021183257809905497,0.016011794091716373
concat,4096,11486592,14920639,5843717,323177,0.03839686351946149,0.0017877616850460664,0.18405595725442542,0.13972900958595805
gather,64,18072971,3872,5694208,255876,0.49931866934518804,0.20149288377485366,0.16661095015530997,0.123989972515371
gather,128,12257040,4373,5327567,259426,0.09556616070922072,0.1069228278863562,0.1963986193255478,0.13075494835636606
gather,256,11436185,10348,6554061,308607,0.06535855962533912,0.11708313908359015,0.04512101442530542,0.4979786031207553
gather,512,12236132,71422,7452753,318126,0.18389893576085029,0.46998904028054833,0.2856281641176358,0.33470496308536973
gather,1024,14481763,290227,6623880,343847,0.33012789167018486,0.22251752472566882,0.4447426308584261,0.42575185337960114
gather,2048,11277194,1210328,4865171,218556,0.057626734690221976,0.12165741952108318,0.12235299089246236,0.07621698676044227
gather,4096,11081326,7200409,4812647,205845,0.07346862550185464,0.004884866382668044,0.1743494764828215,0.023354860206757574
reshape,64,11319977,2493,4472300,184804,0.038867295125565846,0.09506195396792344,0.1335365640746494,0.2571297599355085
reshape,128,10920476,3175,5522336,235176,0.0751038305303404,0.03970128012373743,0.2823883284843475,0.4026311295906375
reshape,256,13667602,9664,5293573,154420,0.30010940324252433,0.20781569733343716,0.3300455397228286,0.23040604918491323
reshape,512,11985179,59449,5497577,154598,0.22211513423855464,0.5236330209237606,0.28151026653829475,0.22592028016178817
reshape,1024,15370712,297546,5646285,169776,0.24539444114195605,0.20074581434410757,0.3346301431309256,0.35972347915798253
reshape,2048,11534274,1418690,4027878,128432,0.09300945197721047,0.056985662915055274,0.10683331971027636,0.09128659841172516
reshape,4096,10624216,4811457,4749560,155917,0.07700611030716097,0.00685351197111453,0.15332576229870767,0.1270840472988813
shape,64,14732570,1481,4241403,132122,0.3874221599273455,0.5113608819134796,0.15663272018879035,0.1490194322111304
shape,128,13948062,1175,5941328,176805,0.16833816434852006,0.2931899307447699,0.2543854897556973,0.4930109426582192
shape,256,19582962,1596,5780119,171532,0.19570688396122807,0.48218302940792823,0.31710274275668865,0.3568621561076556
shape,512,13779543,1142,6063369,175814,0.39284445255072126,0.20478475401075985,0.19818317763810017,0.2309721302358804
shape,1024,11528065,1105,4634543,124339,0.20799883218824305,0.10817683083626978,0.2424328763890481,0.10081478836342261
shape,2048,10684599,1483,3763363,147203,0.05755487502997331,0.04428106851305643,0.09652609851534365,0.4522001413831565
shape,4096,10959455,1328,4821762,139394,0.11606276942902423,0.06805966561139887,0.1787820059011631,0.11224008032418832
squeeze,64,12799434,2820,4449472,119795,0.2333908436748594,0.19566447698241124,0.05485010787354797,0.13913887152487187
squeeze,128,12566676,2285,4956884,182134,0.07213250759965992,0.23343164783084805,0.07076805738228399,0.45522488743362716
squeeze,256,11737882,1747,5459106,149124,0.16363067057441247,0.07375797671714901,0.33080320884664166,0.36471275831361505
squeeze,512,12305046,2018,4466777,136343,0.05958404783930939,0.11938831678237889,0.10245125188160574,0.17338248504918238
squeeze,1024,11459006,2348,5118618,125499,0.1252348608899664,0.27060653142218644,0.24108737186353768,0.1596668111859598
squeeze,2048,15377699,2314,6377629,158683,0.2881491142595177,0.21456353585087032,0.11331074051673998,0.33099648440699225
squeeze,4096,11855685,2383,5239350,121149,0.2979304633353143,0.17895950588758916,0.28712518817587435,0.15142716252899938
unsqueeze,64,16727040,3414,6784656,460925,0.27575253164806185,0.21075634101465185,0.22434495945508734,0.4288676260253167
unsqueeze,128,12270607,3108,6916688,577783,0.11675910432617105,0.33591604480623305,0.22700602992642893,0.3037146404668111
unsqueeze,256,12060542,4791,4839805,333037,0.14733294050138238,0.2765780680937528,0.14263421597486267,0.2540463418128637
unsqueeze,512,12939508,6424,6405251,365455,0.1817979200899964,0.3676947001366901,0.24499770072559862,0.21278074149988893
unsqueeze,1024,12669568,7594,7147100,506308,0.1634118994172359,0.12999302718737868,0.2777133667786982,0.4131847919477817
unsqueeze,2048,17018097,16524,5643448,299245,0.35666280729879957,0.4114237238205089,0.12833453181655047,0.004280507183854046
unsqueeze,4096,15971532,23185,8343239,548496,0.24025966441991306,0.07215412128690632,0.3423296798644408,0.41608939000963313
add,64,16786868,4856,8962820,741607,0.23577405200310317,0.5131606151685184,0.1429610548738357,0.45266126122877864
add,128,11260855,8358,9770031,856748,0.059093365587429315,0.012062012176427883,0.22938688318945347,0.2758589041401766
add,256,12959281,32608,7888502,571588,0.2118831310869553,0.2889171081068942,0.2594770450935656,0.3146744481411033
add,512,17047085,151157,7441592,464008,0.2466174624604079,0.16617641898601285,0.22696934814723085,0.10487503993498673
add,1024,11777429,533709,6124729,409923,0.1199611211216227,0.017914682877669896,0.12720235436512434,0.03565539972585833
add,2048,10672306,2343246,6414871,458277,0.041459121654072846,0.11060292372720121,0.17730701325214912,0.15777427370817323
add,4096,10787324,10333504,6558944,476537,0.013136991728997714,0.06269008385347635,0.1587115540612124,0.1427225839939783
cast,64,14939108,3567,6886625,423340,0.49846680202435795,0.3376006295503256,0.22604702041349084,0.15898404330757385
cast,128,13520258,10840,8754688,679315,0.2784206665350677,0.43758531527457856,0.33524126850492547,0.40653617500790656
cast,256,15409958,38919,7917261,602575,0.2266920664693562,0.23800145878407666,0.3096054403759381,0.3530509216373095
cast,512,12567088,122681,5820740,437482,0.23172885758759937,0.060468447013141864,0.12909002284089804,0.20148035999604733
cast,1024,11950535,498714,5332108,386815,0.22560064923690254,0.04998472663317102,0.12677177105162218,0.016984375043082728
cast,2048,10118567,2173773,6299147,456793,0.016451523779066345,0.009503943593778088,0.10841122823971873,0.1243511555729368
cast,4096,11702825,8615967,6436824,447137,0.11534792485591,0.11284802193770735,0.17908529457699288,0.14682710162299487
mul,64,17933458,5254,8060857,599727,0.09775524213722037,0.4974971879030165,0.10325787721894115,0.23174234742854588
mul,128,20808188,18376,7820834,448171,0.22424296268960292,0.29104302884257377,0.2815874368945852,0.2299846228360954
mul,256,13894066,31596,6092225,568546,0.327843110002399,0.40951173307228117,0.16367567368322963,0.20376281705937532
mul,512,16973521,118313,9893451,600850,0.25274345412674615,0.19263799635925097,0.13125732315769037,0.19625439458774407
mul,1024,11756956,466446,5670693,426572,0.12744080714468675,0.15168488085287626,0.14842104426147804,0.17461574962217616
mul,2048,11253973,2498942,6398276,445416,0.03759020349532258,0.11694081122031558,0.2430297652840333,0.1555142704374587
mul,4096,10446333,10033898,6063873,437691,0.01874313698048708,0.004279649697832107,0.17687543919937054,0.1638304532785145
relu,64,15957130,2865,7901860,539515,0.4133434441196778,0.05179361611999535,0.31714956963156826,0.46357422288943956
relu,128,13159409,8944,7835441,458125,0.04000672659975466,0.1686585847204596,0.1422529159649938,0.15315692936192526
relu,256,15968382,31631,7037211,487545,0.27435473677648065,0.35740659732756624,0.4778518009833731,0.23760944534430598
relu,512,14323897,131094,6003180,436882,0.3506829751946613,0.10876488268304607,0.2173165899790269,0.12048953732342274
relu,1024,10704010,440811,7919529,481641,0.030301048208514533,0.15656774539450508,0.26762652294270695,0.14745873130147066
relu,2048,10727377,2140245,6696794,495978,0.014050890981841856,0.005382034763259506,0.06451180457067217,0.1623339414185863
relu,4096,10203833,8036723,6803615,482456,0.05264126348547386,0.0241955342027969,0.09589337375972987,0.1660786930306527
sub,64,17970191,4989,7711709,456173,0.2892172485021495,0.4018291075580496,0.12018358436502379,0.24090767953498848
sub,128,14269772,11408,7956116,607579,0.24336396854421052,0.08944224375590783,0.38063209395145475,0.22273784336688163
sub,256,14040561,35126,8199393,446554,0.22461823317506432,0.6801742569860859,0.03835975102639933,0.13009215778730804
sub,512,10478530,116506,6269931,511653,0.03477564117000657,0.22265328583176314,0.219219543828264,0.28723794881880443
sub,1024,11038858,491294,6322704,401092,0.008638552925070837,0.1132463096011478,0.1513190061904481,0.04441067724599044
sub,2048,10743364,2509661,6483462,417836,0.03943398051273397,0.12405537606112635,0.18177750170380694,0.06709581393955613
sub,4096,10609723,10761277,5902578,392983,0.033005089045062865,0.06906276393339493,0.20279630805594345,0.004307626174488943
transpose,64,13143519,4008,9910327,851585,0.07303790676498491,0.0685958788833651,0.3162728194756753,0.3097864117781779
transpose,128,11932515,19019,9284262,633409,0.058503074879135725,0.36627360966726863,0.10887505205311052,0.01342339421443616
transpose,256,12916347,59361,8948830,1095286,0.18843432887722708,0.09339858341986434,0.22329028594223377,0.30851379926037736
transpose,512,15896317,300272,10085164,914508,0.2575044308017145,0.24122834211806385,0.06932624808838253,0.3114604997752872
transpose,1024,13668418,3033514,7481742,726258,0.07969465418218544,0.01608081981494133,0.1503619978156216,0.09573506839016441
transpose,2048,11850996,22271010,8148566,841904,0.08352597694710995,0.32987064665378923,0.38332421236463066,0.3920034918001593
transpose,4096,12368505,226355437,7031152,632722,0.08797154210369336,0.05056900290626377,0.2062018804124139,0.020495233375382494
slice,64,16512510,4085,5206171,102551,0.3801576963372082,0.4961404410679763,0.25219476958769077,0.020895526311887267
slice,128,17308651,3810,6003047,196904,0.3587362070888548,0.5612682157792477,0.21360135559799373,0.41011322040399883
slice,256,12657110,2649,6998776,193360,0.05659797479529074,0.15931591188972793,0.15986581950848916,0.13963699693813728
slice,512,11955555,3927,5861667,129432,0.0739189248284079,0.34975259252515783,0.28356394392150264,0.07041612152524095
slice,1024,15956376,4887,5273517,130481,0.2772828751476233,0.11089142211750413,0.41541185959802684,0.2143721346688437
slice,2048,10706621,5762,4722233,132163,0.07847957826836047,0.08071986131223802,0.1801298823812725,0.12043064996918272
slice,4096,10754960,6098,4886225,133009,0.03468285979091588,0.1417267897411414,0.17817926953912175,0.20388044473810663
div,64,17129179,4459,8569700,719376,0.12954675837992236,0.1372800517571938,0.04112804663360547,0.40237310787433417
div,128,14105688,13388,8231809,539388,0.200677394536713,0.3291952952808173,0.34029142793450884,0.15810143196179877
div,256,11544493,42481,7394840,480785,0.05307969144653842,0.10625057763188096,0.08512922102970352,0.1781447334659392
div,512,13225986,146705,6391588,522759,0.2295802655711917,0.18502715868169448,0.18581919090971685,0.20165458755484378
div,1024,11270338,576313,6205377,441180,0.036225785576619846,0.15417229853613604,0.1302737210885081,0.035361090509775005
div,2048,11008947,3013803,5783548,412928,0.01981789075553755,0.13221639041076885,0.09933732752082124,0.07231776091845805
div,4096,11350954,10772034,5837008,460317,0.13857318602215257,0.0010531313540069458,0.0548467301557165,0.22251664601052598
sum,64,13311234,6278,6740086,399515,0.09245795682730547,0.4759402974474607,0.2330868985586459,0.12780166908954
sum,128,13140255,15593,6074689,361274,0.3756389267944555,0.16715707498009727,0.31328210831942693,0.013839805576799896
sum,256,13624314,60767,9509587,496361,0.16980458382710828,0.07501979216385159,0.10686102403560077,0.262949000744814
sum,512,17825362,402460,6732251,490299,0.26935764342421714,0.279181825392198,0.17028737717811857,0.27542179137964884
sum,1024,12397263,919215,5823884,459615,0.03137100604497215,0.004458870880839671,0.17719637278709527,0.20339744440712865
sum,2048,10826024,3810828,6145699,442162,0.04157985900756442,0.009491852361235167,0.13047343301646133,0.10143491509193464
sum,4096,11460349,15104090,6365053,395791,0.16152699513201882,0.000797268701911557,0.19970525798724761,0.11635466340246942
nonzero,64,13844290,5879,9526930,938070,0.2007733147240731,0.06918066610305673,0.24509459224065208,0.29980390800123136
nonzero,128,13343094,23252,6898538,565853,0.3951379158650813,0.5507747439239613,0.14532017052228996,0.1454312305185068
nonzero,256,13661220,74943,8529532,825311,0.3512767943864478,0.5852210514278811,0.3705189907950406,0.49964140504292087
nonzero,512,13555405,177062,6534293,535263,0.4301947529225599,0.4052556853517336,0.10836545773683469,0.10012781023141692
nonzero,1024,12721196,831552,8301904,611254,0.2175839727768589,0.38551578233565886,0.22042767875347732,0.16882371079289615
nonzero,2048,11359777,3618774,5914955,480479,0.141053990748273,0.13207383883907034,0.10254030729596085,0.006011476748052856
nonzero,4096,10417578,11357873,6608962,515908,0.033871141605423635,0.2950906448026753,0.11210954979794646,0.15348553930407688
pow,64,16476963,4050,7448685,598939,0.3108768929936625,0.24907661134209788,0.17448746634329626,0.22630571339791344
pow,128,17098884,10844,7519757,548599,0.27831681302598305,0.2736444772766894,0.05618385230145988,0.08548997634371615
pow,256,13571517,38739,9072105,497537,0.11171409424289801,0.28845942412427344,0.23578527211642203,0.18643490782337327
pow,512,17029819,157613,7433253,454992,0.2851279055670853,0.73367221485937,0.010472859615861252,0.10630038445303362
pow,1024,13270924,378126,7843789,475668,0.1156407988515545,0.11962147958584053,0.22088362464189024,0.09910565965748978
pow,2048,10763096,1831493,6942724,482093,0.03369822534495202,0.15860087558328845,0.04083373840039989,0.09155984800022876
pow,4096,11062805,8448365,6056367,399499,0.16537622470408028,0.11318514570751552,0.06852649075743679,0.022068984644967694
sqrt,64,14735650,4363,9257927,745247,0.1462970880919778,0.27623660596155203,0.24429925478416326,0.42384746571641047
sqrt,128,14781715,15706,8339965,741749,0.2470817954231693,0.29177083770331375,0.29060586297681446,0.18362293098521418
sqrt,256,14273418,42374,8437780,554606,0.21886077608442595,0.1719047781613375,0.275446264293206,0.2645129554525311
sqrt,512,14945268,267440,7642754,487916,0.08489550615648596,0.5655975542372875,0.05922604618447964,0.059490958726520535
sqrt,1024,11314364,587046,6643220,564638,0.14547966364913026,0.11371169764810601,0.07208953696592044,0.18352086598816822
sqrt,2048,10231113,2712655,6431954,439664,0.022822901744593015,0.007597798382535856,0.13424080622977247,0.15011391691986492
sqrt,4096,10222319,9742850,6163148,434971,0.06045432585643779,0.14703381684208966,0.1440135069244556,0.17422443136622015
clip,64,11336798,2667,6531288,460042,0.08595549898093954,0.13187662346347323,0.19089382857163437,0.10659987496057115
clip,128,13367416,12729,6637825,525993,0.15358986800849414,0.5970570786606848,0.1294005614903317,0.29548294030565975
clip,256,12029797,30687,6693129,510373,0.16783328249045282,0.1676876942838585,0.15577596939516578,0.01616942800706123
clip,512,12828031,131698,7194079,387070,0.19818224994801534,0.018210775926615987,0.35514660211809623,0.022588193487689336
clip,1024,11549366,458097,5148836,393440,0.1805719835410273,0.12423959769487425,0.011569797877594212,0.019719660829459765
clip,2048,10877311,1873277,6349286,499530,0.05210765912556875,0.01021134430635646,0.08328418610086587,0.08427580959197067
clip,4096,11066987,7984138,6535439,480214,0.15622249515373046,0.005135691250681557,0.1468276224865501,0.14741023175640983
leaky_relu,64,14416838,3836,7123907,703535,0.282612225287937,0.5595494262037498,0.16295330950629697,0.48514408927994135
leaky_relu,128,14512168,8362,6877606,500601,0.46539324962495154,0.014548166850138888,0.2414576400196129,0.3681536511362733
leaky_relu,256,14070086,36821,7969076,804865,0.23730036405317687,0.594002615941479,0.4707235684551814,0.3937699678388181
leaky_relu,512,14189321,149052,7610486,620657,0.41534516508500324,0.22584870771775178,0.3203655523211764,0.3914673102317906
leaky_relu,1024,11830637,514309,7234089,443875,0.12469538612394464,0.02391022304174047,0.24042707377988326,0.21602568504656586
leaky_relu,2048,10594504,2232458,5367437,403358,0.004281412532701906,0.09968867858201358,0.05068488968961194,0.025720161853117984
leaky_relu,4096,10530373,8608158,5957261,436775,0.02136391943685673,0.1271774323851495,0.10371081000995591,0.11976408086762708
softmax,64,15509714,45471,18759305,1585105,0.25694028068375313,0.18803118722509107,0.3461622816970035,0.1503500974832812
softmax,128,16550398,267956,17926383,1548360,0.17720933673615322,0.3156506860399225,0.17724421235900628,0.07067464347631547
softmax,256,15523931,1043840,17141804,1538286,0.2963365744720664,0.3900815212875372,0.36406772528231846,0.08341564859238072
softmax,512,16401042,3477126,18537553,1624197,0.1866200663672651,0.36602598522982194,0.28193322254274455,0.14322296395471892
softmax,1024,12380392,8334710,14478636,1719273,0.15628204198435758,0.017753611560172657,0.09520126451429431,0.2588296976041589
softmax,2048,11247149,33830074,14023066,1448057,0.010520768509492212,0.01712639859846139,0.0899739975218181,0.003352990850454004
softmax,4096,11001228,134443047,13779854,1467985,0.022995277429264563,0.028637186102964802,0.11243674906912307,0.02126852308497808
tanh,64,14602334,50047,8506582,593514,0.19814312813584115,0.49965067795506934,0.07761697905840997,0.15944248664659105
tanh,128,12788475,136241,6892175,430992,0.2551140782003774,0.09273130099563892,0.2596437019876818,0.13808553940786578
tanh,256,14269821,863222,8845370,897779,0.19111165095285051,0.5072099806829026,0.1562267569945084,0.363830774791863
tanh,512,15963157,3095708,7272045,515719,0.5944154784586316,0.6310276341145554,0.2787971130517012,0.08851402808366117
tanh,1024,11080352,7622676,6466277,399481,0.09532213961341882,0.012805788450458853,0.05481294572590962,0.051982279489032814
tanh,2048,11152860,30136982,6250108,474142,0.14815168187678915,0.0031045986835623557,0.17394487354550056,0.1394777105422718
tanh,4096,9932220,118261735,6320931,481778,0.01633056501757501,0.0016198471830133213,0.18384297486592432,0.17341786043149998
maxpool,64,14072207,3593,9642391,907347,0.09184291508680524,0.3121489446131459,0.14927484428302137,0.2701288732841862
maxpool,128,13126250,12598,8184398,1128507,0.14990753813007285,0.30995253205061857,0.20018901872060033,0.36804577832260116
maxpool,256,15308524,32477,9109946,688890,0.3617364605981462,0.1730230944401568,0.26161326665850787,0.011849294011168817
maxpool,512,13109605,103778,11544033,795998,0.11581651832160837,0.08276198937074804,0.20500409948054307,0.18083640420576821
maxpool,1024,11906150,590469,8632034,840716,0.1305083100432472,0.19589423770536793,0.08459657858483022,0.16969744260698602
maxpool,2048,11318531,2824317,8665908,829918,0.08304887421602895,0.012890343241836029,0.2102632898150383,0.09783432763207545
maxpool,4096,12613929,11164185,8903196,815356,0.0835193849405386,0.011119817755968207,0.10453270789807213,0.19246502671584845
exp,64,11974240,19918,8151672,565809,0.08080575622422281,0.1247284244214104,0.0973636562820509,0.5044250969448276
exp,128,14334614,91706,6769563,565230,0.15338225517778434,0.4334455063599759,0.20596202326049257,0.02107455911972829
exp,256,14221369,337064,9236863,458126,0.23572729224232528,0.45055785171434076,0.10508521147329608,0.19522951599090238
exp,512,12485321,1235935,7408578,685423,0.24610719197612677,0.4168115039321189,0.28621647097123487,0.4133424411827303
exp,1024,12287433,3703345,6445470,559372,0.06121480369704293,0.0054192106019167715,0.1949312606658031,0.3325766528941853
exp,2048,10711254,14733675,6992073,591707,0.17027580245033097,0.00731755610252145,0.038856560931231285,0.14070571368457063
exp,4096,10944296,58475068,6207380,494511,0.14185562223543993,0.018894917119031757,0.11843257147142366,0.1561202006331734
log,64,16010050,43736,6752384,640602,0.2716126420252359,0.05578877317361008,0.19742798820337648,0.5041912665999674
log,128,13238406,174055,7509044,604842,0.19911396994224342,0.11295069291412468,0.4962493043956841,0.5237496673239384
log,256,14958870,1070420,7978675,580246,0.3921538580603737,0.5606213353279732,0.38113692774498165,0.26136794132989305
log,512,13102676,2515705,7149247,549683,0.2677618367285412,0.01852336415998378,0.3624541927139727,0.2759118030394857
log,1024,11468766,9752899,5460678,455940,0.2114450680459027,0.015272579847400899,0.16444811706212875,0.2691874753517752
log,2048,11144792,39169700,6180390,465680,0.1345096167999199,0.009755605935884846,0.14217838151316886,0.15217571612085917
log,4096,11196024,156543580,5469313,385482,0.10859770273909225,0.019282805768770738,0.15479672919519089,0.009820859236112369
pad,64,17343954,15553,11956797,1045896,0.27283667773090237,0.5528688978649007,0.15775006197567112,0.22261960177009496
pad,128,13563007,33663,10864506,1177552,0.19677340925857273,0.1236006499415467,0.17339414428729577,0.6009073835263377
pad,256,14974703,209271,7295222,1066391,0.17178137924149686,0.36707909667367483,0.15025733332087388,0.31681401050230296
pad,512,15682971,810923,8434470,791493,0.38279047100040825,0.4589184860685603,0.04121899861454907,0.14825641880329027
pad,1024,13425451,1811582,9072231,1145896,0.112339341156863,0.028373807900910163,0.03310021734464674,0.2264537809106088
pad,2048,10205673,7583769,7582311,732625,0.0019028701323213076,0.039930055980787964,0.1176295363945575,0.022665091646113463
pad,4096,10605927,28897143,7004592,732912,0.01463365217496623,0.05971528527233085,0.13545576265567158,0.010834430605175074
instance_norm,64,15909285,125668,14501735,1430367,0.15009514783857358,0.022261327958862,0.37301407342110177,0.2682365632634233
instance_norm,128,12369976,529684,13614277,1588666,0.06403751060202682,0.07647784104778774,0.2305800183200145,0.4847111656179436
instance_norm,256,16941572,3252950,13110393,1131890,0.25221021547540584,0.5167097288278778,0.08978147492112472,0.019538700697688337
instance_norm,512,11575472,7319740,12196444,1160326,0.0678572557927811,0.011561653018159685,0.16758971842275946,0.014234397693847874
instance_norm,1024,12546696,29025754,11282889,1350444,0.1377163989257578,0.005812122624782585,0.05567741101621899,0.2494697632014163
instance_norm,2048,12291817,113112930,12101110,1214559,0.11297878555041693,0.01076138031685722,0.16031391578337584,0.09142457067890519
instance_norm,4096,11570864,451251147,11544742,1157067,0.020193952305795886,0.006965485631003876,0.11514763633214241,0.009657496393884213
conv,64,12297524,140390337,16066039,2344347,0.03650178773063018,0.05585910441191964,0.09103521757316352,0.18000554411771788
conv,128,12033300,565089389,15395478,2214258,0.03771078874869232,0.004042960212000071,0.08286905629975494,0.1211337848099778
conv,256,12702167,2322537883,15246860,2163450,0.11068409284702262,0.0005757462871542501,0.05472165745875338,0.04813309288565292
conv,512,12365832,9437955522,14785618,2395818,0.056959496520274294,0.0004434620119868144,0.1261810882591572,0.20549772640766406
conv,1024,12185704,38108076132,14988214,2084428,0.01541856067018835,0.0007868114359780704,0.09015652849934729,0.014058898235921104
conv,2048,12499070,152944396376,15403310,2176923,0.1145690637626866,0.00011361532492775701,0.1000934445155209,0.06663349883968017
conv,4096,12089467,613259732309,15484071,2497938,0.033925897428901695,0.0005491807387050958,0.14482350340457198,0.27764933921685575
matmul,64,12975152,386752,6912402,512703,0.14669425682310927,0.19631107416247032,0.26569458756304515,0.1823870700257041
matmul,128,14251994,2525543,8269906,511895,0.17485796759843142,0.051268437303249946,0.272239605366895,0.21681945438239625
matmul,256,14348095,24976182,8609519,578809,0.19124318089020173,0.10163445062901483,0.28674535811163243,0.20817707060607468
matmul,512,11222184,169272190,7072475,540566,0.015983924531233575,0.008459120817104038,0.148886820554934,0.1333859576859652
matmul,1024,11551131,2794020247,6374909,472224,0.02733783218017522,0.0016461522387225137,0.06668119623884398,0.09935911824703447
matmul,2048,11034423,21846158306,6606458,522921,0.03043382494997343,0.01250991201693281,0.0967974874757676,0.22568218486670585
gemm,64,19155065,351355,8836365,655590,0.32176189169911135,0.27751453644182933,0.3808513166482638,0.5836448713791935
gemm,128,11970573,2602187,7721656,622255,0.18924867180074134,0.18482475356337008,0.06613672999649547,0.24546630096788127
gemm,256,11757631,20383994,6383674,482755,0.17534725302959908,0.05616045872168028,0.1495792033393118,0.1696154627580221
gemm,512,11329179,163285774,7394979,581713,0.07393691272570367,0.005502215707403331,0.17428497240616397,0.29019883667279656
gemm,1024,14990164,1323243050,7667337,490997,0.4157848928268717,0.0006207924690969832,0.39902806457368006,0.21629608690701885
gemm,2048,11165209,10694771731,6257925,516604,0.06956209937768436,0.00018137398269455713,0.19248615944438538,0.27210349649907134
gemm,4096,11011823,86374211942,6898401,519190,0.03248678118053606,0.0008011563203491875,0.1831154600461185,0.26715237556707505
batch_norm,64,20583881,2659971,92069146,8704630,0.13102087463764042,0.09697839239169515,0.020321904167714188,0.03106969484500948
batch_norm,128,17143460,8376688,88425219,8689697,0.09517210725804934,0.08003520288025368,0.013759653698629887,0.014535342048205778
batch_norm,256,16034177,34032405,85735085,8583464,0.05537936455198266,0.06787693479077975,0.014103862434721854,0.012069628083404798
batch_norm,512,16493050,131699559,87353273,8531123,0.006093082474719328,0.03391063929866828,0.009638216872267522,0.002625880984806334
batch_norm,1024,16666106,528116259,86240804,8553502,0.10220792826503372,0.029207084769965447,0.01869491888479745,0.008266289535614415
batch_norm,2048,16363947,2096980752,84605203,8538940,0.1403331705360956,0.030656883933817335,0.008408603899112176,0.006686460083715057
batch_norm,4096,28143557,8672913589,90962772,8577314,0.7075423382306328,0.08554196306210515,0.06211693486768348,0.006665578164194252
concat,8192,12055838,61282016,5368172,308535,0.030122145173078436,0.0007099993541346723,0.15173417857373378,0.08397979285197014
gather,8192,11771426,30264452,5026437,228666,0.016806392608389575,0.00039529415098561775,0.2676906474887115,0.18139273584329893
reshape,8192,11524381,20360227,3871786,138848,0.1472111030977981,0.013748155374341622,0.04105252216006704,0.2010910982684484
shape,8192,11219351,1600,4143229,138370,0.07608870510292315,0.12067075310431083,0.15687052200671286,0.1294908375247454
squeeze,8192,14349056,4768,4976995,144850,0.23079387278284247,0.4489051138871247,0.135374927534989,0.2654151376136115
unsqueeze,8192,15218004,44326,6778624,328245,0.21620466176773712,0.13510746114843483,0.2957258357730486,0.17950665755351358
add,8192,12741363,44240361,5644131,457369,0.058788017498161114,0.12846388067934372,0.07777874751666142,0.27028699658026023
cast,8192,12781840,31959556,5215617,444128,0.11765161234901217,0.002534282837968777,0.07011250272196384,0.23145258753396614
mul,8192,13148144,43733760,8381759,476058,0.041994207240507626,0.14924110102979324,0.11461457240956863,0.26655178289517983
relu,8192,11504632,32220652,6237081,445433,0.07906221493663589,0.010875198485320564,0.12167923130051599,0.21057403708612385
sub,8192,12113297,43374874,6129366,441136,0.017691678728497206,0.1360666391822406,0.1635849669868813,0.14878029386744912
transpose,8192,12706114,1029759823,8045053,804237,0.10830805623995324,0.016670515583716627,0.1892708942492348,0.1632799530205116
slice,8192,12231925,7054,5534397,183056,0.1323189877227973,0.07503952655228534,0.2366637801824166,0.39569034710295226
div,8192,13330256,46862019,5686996,406131,0.10635383181605804,0.13418900084013294,0.057272131504325745,0.04885270579192007
sum,8192,11423126,60699720,6438659,404344,0.0479576405591506,0.03730249467515287,0.09720207662681704,0.18213849290909326
nonzero,8192,13018691,44377397,6990529,655926,0.05231538417999595,0.24877304949070736,0.21804299788201065,0.4387949013862386
pow,8192,11344832,32074480,6388191,473149,0.045316851796006315,0.0037899117978930385,0.14790000988441956,0.16162726461403928
sqrt,8192,11550611,35728790,5889603,454596,0.03896201157239762,0.00844395729718105,0.1507629446111773,0.10896527697104887
clip,8192,14244454,33639681,8575078,621449,0.19417518392011027,0.030418441826880475,0.3717135605385622,0.1034556886188414
leaky_relu,8192,12805253,32189018,6757326,556696,0.12452005208626372,0.0178744400566881,0.28328283130881793,0.2620285150936105
softmax,8192,13314174,526698789,13068560,1459966,0.15028238044898123,0.021575649417570637,0.036766389653036566,0.014425340335260608
tanh,8192,11943574,476007801,5941935,417923,0.10284214284431435,0.013670016241565811,0.09812727357205148,0.10733018121273492
maxpool,8192,12789943,47038944,8577999,835087,0.06457801846086768,0.0012037822299647656,0.1428404624540126,0.1620211036692349
exp,8192,12880915,228369985,6769228,565117,0.17780964268682828,0.0013652039795262981,0.213491680174529,0.2543927822163215
log,8192,11151802,617675314,6445662,493274,0.048371281868278465,0.0021904367597911398,0.217223128844392,0.21350768138067616
pad,8192,11688393,111194176,7981783,829045,0.0716065967810626,0.017126395791504243,0.11672030366388794,0.21584185186902544
instance_norm,8192,13056914,1797556102,12516858,1152955,0.0797497538767575,0.0004892801716943482,0.1910027378884181,0.024369598263118086
