index,name,count
1,entry,12
64,if_end60,12
73,assert_end70,12
32,assert_fail25,0
34,assert_fail27,0
57,assert_fail51,0
58,assert_end54,12
44,if_then37,0
8,switch.early.test,0
74,assert_fail69,0
48,assert_end44,12
59,assert_fail53,0
36,assert_fail29,0
60,assert_end56,12
37,assert_end32,12
78,switch.early.test72.assert_end6_crit_edge2,0
72,assert_fail67,0
27,assert_fail21,0
2,assert_end,12
75,switch.early.test.assert_end4_crit_edge,0
42,assert_fail35,0
17,assert_end10,12
22,assert_end16,12
15,assert_fail7,0
30,if_end,12
53,assert_fail47,0
54,assert_end50,12
70,assert_fail65,0
76,switch.early.test.assert_end4_crit_edge1,0
35,assert_end30,12
7,assert_end4,12
18,assert_end12,12
29,assert_fail23,0
55,assert_fail49,0
83,assert_end58.if_end60_crit_edge,12
6,assert_end2,12
33,assert_end28,12
31,if_then,0
3,assert_fail,0
16,assert_fail9,0
56,assert_end52,12
23,assert_fail15,0
49,assert_fail43,0
68,assert_fail63,0
77,switch.early.test72.assert_end6_crit_edge,0
4,common.ret,12
26,assert_end22,12
10,assert_end6,12
43,if_end38,12
71,assert_end68,12
50,assert_end46,12
79,switch.early.test73.assert_end8_crit_edge,0
9,assert_fail3,0
82,assert_end36.if_end38_crit_edge,12
66,assert_fail61,0
24,assert_fail19,0
51,assert_fail45,0
13,assert_end8,12
28,assert_end24,12
80,switch.early.test73.assert_end8_crit_edge3,0
52,assert_end48,12
12,assert_fail5,0
14,switch.early.test73,0
11,switch.early.test72,0
46,assert_end42,12
38,assert_fail31,0
63,assert_fail57,0
19,assert_fail11,0
21,assert_end14,12
45,assert_fail39,0
67,assert_end64,12
39,assert_end34,12
62,assert_end58,12
20,assert_fail13,0
47,assert_fail41,0
81,assert_end24.if_end_crit_edge,12
40,assert_fail33,0
61,assert_fail55,0
69,assert_end66,12
25,assert_end20,12
65,if_then59,0
41,assert_end36,12
5,assert_fail1,0
1,entry,12
40,for_begin_xx.for_end_xx_crit_edge.split.us.split.us.split.us.us.us.us.us.us.us.us.us.us.us.us.us.us.us.us,168960
13,for_begin_i3.for_end_i3_crit_edge.us.us.us.us.us.us,8136
36,for_begin_rx.for_end_rx_crit_edge.us.us.us.us.us.us.us.us.us.us.us.us.us.us.us.us.us.us.us.us.us,780595200
26,for_begin_nn.preheader,12
2,common.ret,12
8,for_begin_i1.preheader.us.us.us,12
50,for_begin_ff.for_end_ff_crit_edge.split.us.split.us.split.us.split.us.split.us.us.us.us.us.us.us.for_end_nn_crit_edge,12
42,for_begin_ff.for_end_ff_crit_edge.split.us.split.us.split.us.split.us.split.us.us.us.us.us.us.us,12
46,if_end3.us.us.us.us.us.us.if_end3.us.us.us.us.us.us.1_crit_edge,0
3,for_begin_i0.preheader,12
23,if_then2.us.us.us.us.us.us.epil,0
29,for_body_ff.us.us.us.us.us.us.us.us.us.us.us,768
20,if_end3.us.us.us.us.us.us.1,903168
30,for_body_yy.us.us.us.us.us.us.us.us.us.us.us.us.us.us.us,168960
31,for_begin_rc.preheader.us.us.us.us.us.us.us.us.us.us.us.us.us.us.us.us.us.us,37171200
47,for_begin_ff.preheader.lr.ph.for_end_nn_crit_edge,0
19,if_then2.us.us.us.us.us.us.1,903168
16,for_body_i3.us13.us.us.us.us.us,903168
28,for_begin_ff.preheader.us.us.us.us.us.us,12
18,if_then2.us.us.us.us.us.us,903168
7,for_begin_i1.preheader.us.us.us.preheader,12
17,if_end3.us.us.us.us.us.us,903168
5,for_end_nn,12
37,for_body_rx.us.us.us.us.us.us.us.us.us.us.us.us.us.us.us.us.us.us.us.us.us.epil,780595200
48,if_end3.us.us.us.us.us.us.peel.for_begin_i3.for_end_i3_crit_edge.us.us.us.us.us.us_crit_edge,0
21,for_body_i3.us13.us.us.us.us.us.epil,8064
6,for_begin_ff.preheader.lr.ph,12
4,for_begin_i1.preheader.lr.ph,12
27,for_begin_ff.preheader.us.us.us.us.us.us.preheader,12
39,for_begin_rc.for_end_rc_crit_edge.split.us.split.us.us.us.us.us.us.us.us.us.us.us.us.us.us.us.us.us.us.us,37171200
14,for_body_i3.us13.us.us.us.us.us.peel.next,8064
24,for_begin_i2.for_end_i2_crit_edge.split.us.us.us.us.us.us,36
12,for_body_i3.us.us.us.us.us.us.us.preheader,72
33,for_begin_rx.preheader.us.us.us.us.us.us.us.us.us.us.us.us.us.us.us.us.us.us.us.us.us,780595200
22,if_end3.us.us.us.us.us.us.epil,8064
32,for_begin_ry.preheader.us.us.us.us.us.us.us.us.us.us.us.us.us.us.us.us.us.us.us.us,111513600
10,for_begin_i3.preheader.us.us.us.us.us.us,8136
35,for_body_rx.us.us.us.us.us.us.us.us.us.us.us.us.us.us.us.us.us.us.us.us.us,2341785600
25,for_begin_i1.for_end_i1_crit_edge.split.us.split.us.us.us.us,12
9,for_begin_i2.preheader.us.us.us.us.us,36
41,for_begin_yy.for_end_yy_crit_edge.split.us.split.us.split.us.split.us.us.us.us.us.us.us.us.us.us.us.us,768
43,for_body_rx.us.us.us.us.us.us.us.us.us.us.us.us.us.us.us.us.us.us.us.us.us.for_body_rx.us.us.us.us.us.us.us.us.us.us.us.us.us.us.us.us.us.us.us.us.us_crit_edge,1561190400
11,if_end3.us.us.us.us.us.us.peel,8064
38,for_begin_ry.for_end_ry_crit_edge.split.us.us.us.us.us.us.us.us.us.us.us.us.us.us.us.us.us.us.us.us.us,111513600
